train_loss,step,epoch,val_qa_sas,val_qa_bert_score,val_loss,val_qa_em,val_qa_answer_f1,test_loss
0.4710736572742462,9,0,,,,,,
0.4988347589969635,19,0,,,,,,
0.834099531173706,29,0,,,,,,
0.24258586764335632,39,0,,,,,,
0.1251850724220276,49,0,,,,,,
0.18746010959148407,59,0,,,,,,
0.20206250250339508,69,0,,,,,,
0.21244782209396362,79,0,,,,,,
0.2853755056858063,89,0,,,,,,
0.23156946897506714,99,0,,,,,,
0.4118126630783081,109,0,,,,,,
0.3430200517177582,119,0,,,,,,
0.22228334844112396,129,0,,,,,,
0.2791324853897095,139,0,,,,,,
0.19305172562599182,149,0,,,,,,
0.19430898129940033,159,0,,,,,,
0.2103588581085205,169,0,,,,,,
0.3580181300640106,179,0,,,,,,
0.3249415159225464,189,0,,,,,,
0.3176192343235016,199,0,,,,,,
0.13587740063667297,209,0,,,,,,
0.17372120916843414,219,0,,,,,,
0.19771547615528107,229,0,,,,,,
0.1857534646987915,239,0,,,,,,
0.20722010731697083,249,0,,,,,,
0.16215386986732483,259,0,,,,,,
0.23536568880081177,269,0,,,,,,
0.17644253373146057,279,0,,,,,,
0.1392650604248047,289,0,,,,,,
0.1870812028646469,299,0,,,,,,
0.1708959937095642,309,0,,,,,,
0.15174812078475952,319,0,,,,,,
0.21271035075187683,329,0,,,,,,
0.26110777258872986,339,0,,,,,,
0.13958339393138885,349,0,,,,,,
0.30932095646858215,359,0,,,,,,
0.16873003542423248,369,0,,,,,,
0.0839502140879631,379,0,,,,,,
0.1556738018989563,389,0,,,,,,
0.14842034876346588,399,0,,,,,,
0.0956101343035698,409,0,,,,,,
0.20564337074756622,419,0,,,,,,
0.13352340459823608,429,0,,,,,,
0.14573277533054352,439,0,,,,,,
0.16785041987895966,449,0,,,,,,
0.1323988288640976,459,0,,,,,,
0.13946235179901123,469,0,,,,,,
0.18118253350257874,479,0,,,,,,
0.09115906059741974,489,0,,,,,,
0.13395902514457703,499,0,,,,,,
0.15485014021396637,509,0,,,,,,
0.17763590812683105,519,0,,,,,,
0.15762796998023987,529,0,,,,,,
0.21448688209056854,539,0,,,,,,
0.23583140969276428,549,0,,,,,,
0.17048189043998718,559,0,,,,,,
0.1793556809425354,569,0,,,,,,
0.12272796779870987,579,0,,,,,,
0.2185373455286026,589,0,,,,,,
0.1801804006099701,599,0,,,,,,
0.12286688387393951,609,0,,,,,,
0.14735668897628784,619,0,,,,,,
0.10541438311338425,629,0,,,,,,
0.1243494525551796,639,0,,,,,,
0.24257972836494446,649,0,,,,,,
0.1401306688785553,659,0,,,,,,
0.16979295015335083,669,0,,,,,,
0.11279807239770889,679,0,,,,,,
0.2196849286556244,689,0,,,,,,
0.17104025185108185,699,0,,,,,,
0.11861984431743622,709,0,,,,,,
0.16118960082530975,719,0,,,,,,
0.2727278172969818,729,0,,,,,,
0.15663139522075653,739,0,,,,,,
0.1292048841714859,749,0,,,,,,
0.19311590492725372,759,0,,,,,,
0.13345731794834137,769,0,,,,,,
0.1076117753982544,779,0,,,,,,
0.16528326272964478,789,0,,,,,,
0.1348818987607956,799,0,,,,,,
0.20204666256904602,809,0,,,,,,
0.13389897346496582,819,0,,,,,,
0.23682746291160583,829,0,,,,,,
0.14789032936096191,839,0,,,,,,
0.12900499999523163,849,0,,,,,,
0.08627603948116302,859,0,,,,,,
0.1520967185497284,869,0,,,,,,
0.1894288957118988,879,0,,,,,,
0.18808884918689728,889,0,,,,,,
0.18003977835178375,899,0,,,,,,
0.13284392654895782,909,0,,,,,,
0.17139483988285065,919,0,,,,,,
0.13845926523208618,929,0,,,,,,
0.15779098868370056,939,0,,,,,,
0.12861786782741547,949,0,,,,,,
0.0967731773853302,959,0,,,,,,
0.17548230290412903,969,0,,,,,,
0.22300828993320465,979,0,,,,,,
0.13777263462543488,989,0,,,,,,
0.18832944333553314,999,0,,,,,,
0.14291329681873322,1009,0,,,,,,
0.1459217071533203,1019,0,,,,,,
0.0959627702832222,1029,0,,,,,,
0.17661087214946747,1039,0,,,,,,
0.12475062161684036,1049,0,,,,,,
0.11462002247571945,1059,0,,,,,,
0.07628802955150604,1069,0,,,,,,
0.15987704694271088,1079,0,,,,,,
0.1372683048248291,1089,0,,,,,,
0.10478139668703079,1099,0,,,,,,
0.06404628604650497,1109,0,,,,,,
0.14793695509433746,1119,0,,,,,,
0.12467759847640991,1129,0,,,,,,
0.1411842405796051,1139,0,,,,,,
0.1585027277469635,1149,0,,,,,,
0.10560767352581024,1159,0,,,,,,
0.11305361241102219,1169,0,,,,,,
0.09989924728870392,1179,0,,,,,,
0.14075472950935364,1189,0,,,,,,
0.20984825491905212,1199,0,,,,,,
0.18702325224876404,1209,0,,,,,,
0.10728258639574051,1219,0,,,,,,
0.19925889372825623,1229,0,,,,,,
0.2263779491186142,1239,0,,,,,,
0.10535571724176407,1249,0,,,,,,
0.08732385188341141,1259,0,,,,,,
0.2167879194021225,1269,0,,,,,,
0.12741178274154663,1279,0,,,,,,
0.18260841071605682,1289,0,,,,,,
0.14969760179519653,1299,0,,,,,,
0.17937014997005463,1309,0,,,,,,
0.1751350611448288,1319,0,,,,,,
0.09767704457044601,1329,0,,,,,,
0.07747490704059601,1339,0,,,,,,
0.20362402498722076,1349,0,,,,,,
0.1357157975435257,1359,0,,,,,,
0.10656372457742691,1369,0,,,,,,
0.18918581306934357,1379,0,,,,,,
0.17135123908519745,1389,0,,,,,,
0.16721662878990173,1399,0,,,,,,
0.10350818932056427,1409,0,,,,,,
0.12648484110832214,1419,0,,,,,,
0.06186467409133911,1429,0,,,,,,
0.12770256400108337,1439,0,,,,,,
0.13412117958068848,1449,0,,,,,,
0.12805777788162231,1459,0,,,,,,
0.2086002081632614,1469,0,,,,,,
0.14439432322978973,1479,0,,,,,,
0.16705162823200226,1489,0,,,,,,
0.1585279107093811,1499,0,,,,,,
0.09123879671096802,1509,0,,,,,,
0.15844102203845978,1519,0,,,,,,
0.1229419857263565,1529,0,,,,,,
0.1498248279094696,1539,0,,,,,,
0.1818167120218277,1549,0,,,,,,
0.16683274507522583,1559,0,,,,,,
0.1435040831565857,1569,0,,,,,,
0.07825012505054474,1579,0,,,,,,
0.09414710849523544,1589,0,,,,,,
0.14004798233509064,1599,0,,,,,,
0.15762285888195038,1609,0,,,,,,
0.11068425327539444,1619,0,,,,,,
0.08572547882795334,1629,0,,,,,,
0.0955130010843277,1639,0,,,,,,
0.1406233310699463,1649,0,,,,,,
0.14273454248905182,1659,0,,,,,,
0.12376204133033752,1669,0,,,,,,
0.14361228048801422,1679,0,,,,,,
0.06991090625524521,1689,0,,,,,,
0.07774168998003006,1699,0,,,,,,
0.13493973016738892,1709,0,,,,,,
0.1114901527762413,1719,0,,,,,,
0.1498258262872696,1729,0,,,,,,
0.07589989900588989,1739,0,,,,,,
0.11716035008430481,1749,0,,,,,,
0.11345554888248444,1759,0,,,,,,
0.12202445417642593,1769,0,,,,,,
0.08039147406816483,1779,0,,,,,,
0.13118869066238403,1789,0,,,,,,
0.11684568971395493,1799,0,,,,,,
0.12547272443771362,1809,0,,,,,,
0.1779956966638565,1819,0,,,,,,
0.18750862777233124,1829,0,,,,,,
0.08650854229927063,1839,0,,,,,,
0.09213189035654068,1849,0,,,,,,
0.0880109965801239,1859,0,,,,,,
0.07699435204267502,1869,0,,,,,,
0.1662314385175705,1879,0,,,,,,
0.16509442031383514,1889,0,,,,,,
0.09785249829292297,1899,0,,,,,,
0.0931834951043129,1909,0,,,,,,
0.07354734092950821,1919,0,,,,,,
0.062180276960134506,1929,0,,,,,,
0.1538926362991333,1939,0,,,,,,
0.12751394510269165,1949,0,,,,,,
0.07124899327754974,1959,0,,,,,,
0.08073211461305618,1969,0,,,,,,
0.15615540742874146,1979,0,,,,,,
0.21391122043132782,1989,0,,,,,,
0.14816179871559143,1999,0,,,,,,
0.07507120817899704,2009,0,,,,,,
0.12743206322193146,2019,0,,,,,,
0.10468630492687225,2029,0,,,,,,
0.15554656088352203,2039,0,,,,,,
0.1674247831106186,2049,0,,,,,,
0.10145056992769241,2059,0,,,,,,
0.16401898860931396,2069,0,,,,,,
0.16399772465229034,2079,0,,,,,,
0.06964723020792007,2089,0,,,,,,
0.17702436447143555,2099,0,,,,,,
0.08537868410348892,2109,0,,,,,,
0.06827374547719955,2119,0,,,,,,
0.1606437861919403,2129,0,,,,,,
0.10124949365854263,2139,0,,,,,,
0.08156201988458633,2149,0,,,,,,
0.1364682912826538,2159,0,,,,,,
0.0756334587931633,2169,0,,,,,,
0.11944414675235748,2179,0,,,,,,
0.06293937563896179,2189,0,,,,,,
0.08732709288597107,2199,0,,,,,,
0.0922437533736229,2209,0,,,,,,
,2215,0,0.4089832901954651,0.8239438533782959,0.12566246092319489,0.31857141852378845,0.37800729274749756,
0.0932178795337677,2219,1,,,,,,
0.08607807010412216,2229,1,,,,,,
0.09124156832695007,2239,1,,,,,,
0.08765476197004318,2249,1,,,,,,
0.056037962436676025,2259,1,,,,,,
0.09202753752470016,2269,1,,,,,,
0.082949198782444,2279,1,,,,,,
0.07721739262342453,2289,1,,,,,,
0.2466333657503128,2299,1,,,,,,
0.07640360295772552,2309,1,,,,,,
0.07422862201929092,2319,1,,,,,,
0.09547699242830276,2329,1,,,,,,
0.08168033510446548,2339,1,,,,,,
0.05149603635072708,2349,1,,,,,,
0.13247153162956238,2359,1,,,,,,
0.13032707571983337,2369,1,,,,,,
0.06581976264715195,2379,1,,,,,,
0.08248986303806305,2389,1,,,,,,
0.04354558885097504,2399,1,,,,,,
0.08473186194896698,2409,1,,,,,,
0.1028350293636322,2419,1,,,,,,
0.12202435731887817,2429,1,,,,,,
0.07927306741476059,2439,1,,,,,,
0.14297914505004883,2449,1,,,,,,
0.06719686836004257,2459,1,,,,,,
0.060860179364681244,2469,1,,,,,,
0.08600445836782455,2479,1,,,,,,
0.04044434800744057,2489,1,,,,,,
0.13596265017986298,2499,1,,,,,,
0.0999794453382492,2509,1,,,,,,
0.1576121598482132,2519,1,,,,,,
0.16459164023399353,2529,1,,,,,,
0.07303295284509659,2539,1,,,,,,
0.0748739093542099,2549,1,,,,,,
0.1538180261850357,2559,1,,,,,,
0.10323216021060944,2569,1,,,,,,
0.1161966323852539,2579,1,,,,,,
0.07774771749973297,2589,1,,,,,,
0.12589842081069946,2599,1,,,,,,
0.08307787030935287,2609,1,,,,,,
0.09056513756513596,2619,1,,,,,,
0.1049618199467659,2629,1,,,,,,
0.08756309747695923,2639,1,,,,,,
0.12109389901161194,2649,1,,,,,,
0.03370634838938713,2659,1,,,,,,
0.10369701683521271,2669,1,,,,,,
0.06539217382669449,2679,1,,,,,,
0.08951966464519501,2689,1,,,,,,
0.06848469376564026,2699,1,,,,,,
0.11769398301839828,2709,1,,,,,,
0.0909651443362236,2719,1,,,,,,
0.10289452970027924,2729,1,,,,,,
0.046663831919431686,2739,1,,,,,,
0.06330829113721848,2749,1,,,,,,
0.0922592505812645,2759,1,,,,,,
0.13179677724838257,2769,1,,,,,,
0.10067086666822433,2779,1,,,,,,
0.08300801366567612,2789,1,,,,,,
0.12083122879266739,2799,1,,,,,,
0.06795799732208252,2809,1,,,,,,
0.12061720341444016,2819,1,,,,,,
0.11839664727449417,2829,1,,,,,,
0.1113399863243103,2839,1,,,,,,
0.13118676841259003,2849,1,,,,,,
0.08542805910110474,2859,1,,,,,,
0.09788970649242401,2869,1,,,,,,
0.08956772834062576,2879,1,,,,,,
0.10327640920877457,2889,1,,,,,,
0.09435531497001648,2899,1,,,,,,
0.11180102825164795,2909,1,,,,,,
0.10696760565042496,2919,1,,,,,,
0.05924874544143677,2929,1,,,,,,
0.0665053203701973,2939,1,,,,,,
0.03747151419520378,2949,1,,,,,,
0.18429303169250488,2959,1,,,,,,
0.11013049632310867,2969,1,,,,,,
0.10628285259008408,2979,1,,,,,,
0.10235944390296936,2989,1,,,,,,
0.07532863318920135,2999,1,,,,,,
0.10317705571651459,3009,1,,,,,,
0.13218151032924652,3019,1,,,,,,
0.053995996713638306,3029,1,,,,,,
0.14523287117481232,3039,1,,,,,,
0.08222740888595581,3049,1,,,,,,
0.09327095001935959,3059,1,,,,,,
0.039546675980091095,3069,1,,,,,,
0.07236523181200027,3079,1,,,,,,
0.07740141451358795,3089,1,,,,,,
0.08303666859865189,3099,1,,,,,,
0.11964938044548035,3109,1,,,,,,
0.07645528018474579,3119,1,,,,,,
0.16726143658161163,3129,1,,,,,,
0.07520908862352371,3139,1,,,,,,
0.06565704196691513,3149,1,,,,,,
0.055694181472063065,3159,1,,,,,,
0.11296059936285019,3169,1,,,,,,
0.10813036561012268,3179,1,,,,,,
0.08037026226520538,3189,1,,,,,,
0.08182470500469208,3199,1,,,,,,
0.09492930769920349,3209,1,,,,,,
0.07462547719478607,3219,1,,,,,,
0.14034463465213776,3229,1,,,,,,
0.04229438677430153,3239,1,,,,,,
0.10677855461835861,3249,1,,,,,,
0.09168791025876999,3259,1,,,,,,
0.06945671141147614,3269,1,,,,,,
0.06696107983589172,3279,1,,,,,,
0.04543140158057213,3289,1,,,,,,
0.08001796901226044,3299,1,,,,,,
0.0791388526558876,3309,1,,,,,,
0.11701197177171707,3319,1,,,,,,
0.10199492424726486,3329,1,,,,,,
0.06282705813646317,3339,1,,,,,,
0.06015057861804962,3349,1,,,,,,
0.08890286087989807,3359,1,,,,,,
0.1086212620139122,3369,1,,,,,,
0.0848778635263443,3379,1,,,,,,
0.10414911061525345,3389,1,,,,,,
0.10206122696399689,3399,1,,,,,,
0.04562436789274216,3409,1,,,,,,
0.044021815061569214,3419,1,,,,,,
0.14920726418495178,3429,1,,,,,,
0.0634249672293663,3439,1,,,,,,
0.05334607511758804,3449,1,,,,,,
0.13146163523197174,3459,1,,,,,,
0.07804862409830093,3469,1,,,,,,
0.07224617898464203,3479,1,,,,,,
0.04075580835342407,3489,1,,,,,,
0.06253543496131897,3499,1,,,,,,
0.06859640032052994,3509,1,,,,,,
0.0731830969452858,3519,1,,,,,,
0.07917355746030807,3529,1,,,,,,
0.0538080595433712,3539,1,,,,,,
0.09342779219150543,3549,1,,,,,,
0.12496721744537354,3559,1,,,,,,
0.11951473355293274,3569,1,,,,,,
0.13178035616874695,3579,1,,,,,,
0.0744221955537796,3589,1,,,,,,
0.052352242171764374,3599,1,,,,,,
0.1470983475446701,3609,1,,,,,,
0.0652211382985115,3619,1,,,,,,
0.05071099475026131,3629,1,,,,,,
0.09309859573841095,3639,1,,,,,,
0.07427995651960373,3649,1,,,,,,
0.1011434942483902,3659,1,,,,,,
0.08416121453046799,3669,1,,,,,,
0.10300696641206741,3679,1,,,,,,
0.13783127069473267,3689,1,,,,,,
0.09741982817649841,3699,1,,,,,,
0.09795639663934708,3709,1,,,,,,
0.20734737813472748,3719,1,,,,,,
0.04287274181842804,3729,1,,,,,,
0.05522894486784935,3739,1,,,,,,
0.06710189580917358,3749,1,,,,,,
0.050467852503061295,3759,1,,,,,,
0.0833442434668541,3769,1,,,,,,
0.0359712578356266,3779,1,,,,,,
0.10373535007238388,3789,1,,,,,,
0.11750616133213043,3799,1,,,,,,
0.0550820417702198,3809,1,,,,,,
0.06318780779838562,3819,1,,,,,,
0.05551223084330559,3829,1,,,,,,
0.03068886697292328,3839,1,,,,,,
0.07540646195411682,3849,1,,,,,,
0.09380152076482773,3859,1,,,,,,
0.07624262571334839,3869,1,,,,,,
0.08082079142332077,3879,1,,,,,,
0.04809166491031647,3889,1,,,,,,
0.08609592169523239,3899,1,,,,,,
0.09439034759998322,3909,1,,,,,,
0.0760846734046936,3919,1,,,,,,
0.030357418581843376,3929,1,,,,,,
0.03457011282444,3939,1,,,,,,
0.0710378885269165,3949,1,,,,,,
0.11729633063077927,3959,1,,,,,,
0.08904965221881866,3969,1,,,,,,
0.09713844954967499,3979,1,,,,,,
0.04572540149092674,3989,1,,,,,,
0.08892397582530975,3999,1,,,,,,
0.05921787768602371,4009,1,,,,,,
0.06175856664776802,4019,1,,,,,,
0.08951538056135178,4029,1,,,,,,
0.03095877915620804,4039,1,,,,,,
0.052154917269945145,4049,1,,,,,,
0.11059413105249405,4059,1,,,,,,
0.04954396188259125,4069,1,,,,,,
0.16443321108818054,4079,1,,,,,,
0.11497584730386734,4089,1,,,,,,
0.05577991530299187,4099,1,,,,,,
0.08394477516412735,4109,1,,,,,,
0.07798673212528229,4119,1,,,,,,
0.11313831061124802,4129,1,,,,,,
0.11837956309318542,4139,1,,,,,,
0.032243259251117706,4149,1,,,,,,
0.10246387869119644,4159,1,,,,,,
0.0575888529419899,4169,1,,,,,,
0.11879957467317581,4179,1,,,,,,
0.06074317917227745,4189,1,,,,,,
0.030625326558947563,4199,1,,,,,,
0.06318273395299911,4209,1,,,,,,
0.09393087029457092,4219,1,,,,,,
0.13019753992557526,4229,1,,,,,,
0.062058258801698685,4239,1,,,,,,
0.08041700720787048,4249,1,,,,,,
0.06564605236053467,4259,1,,,,,,
0.05857650935649872,4269,1,,,,,,
0.10146427899599075,4279,1,,,,,,
0.03971327096223831,4289,1,,,,,,
0.05684642493724823,4299,1,,,,,,
0.08201978355646133,4309,1,,,,,,
0.1065756306052208,4319,1,,,,,,
0.03644295409321785,4329,1,,,,,,
0.06821910291910172,4339,1,,,,,,
0.044435881078243256,4349,1,,,,,,
0.061685871332883835,4359,1,,,,,,
0.16960598528385162,4369,1,,,,,,
0.11912374198436737,4379,1,,,,,,
0.06710110604763031,4389,1,,,,,,
0.07520925253629684,4399,1,,,,,,
0.09618179500102997,4409,1,,,,,,
0.104347363114357,4419,1,,,,,,
0.06415347009897232,4429,1,,,,,,
,4431,1,0.4339713752269745,0.834189772605896,0.12585864961147308,0.345714271068573,0.4042228162288666,
0.06563864648342133,4439,2,,,,,,
0.09498707950115204,4449,2,,,,,,
0.0677495151758194,4459,2,,,,,,
0.0896570160984993,4469,2,,,,,,
0.08200933784246445,4479,2,,,,,,
0.06335398554801941,4489,2,,,,,,
0.04849139228463173,4499,2,,,,,,
0.06196140497922897,4509,2,,,,,,
0.06788019835948944,4519,2,,,,,,
0.05121428146958351,4529,2,,,,,,
0.02983163297176361,4539,2,,,,,,
0.06736501306295395,4549,2,,,,,,
0.04918910190463066,4559,2,,,,,,
0.041953571140766144,4569,2,,,,,,
0.03851703554391861,4579,2,,,,,,
0.08444003015756607,4589,2,,,,,,
0.053133562207221985,4599,2,,,,,,
0.04010789841413498,4609,2,,,,,,
0.03951514512300491,4619,2,,,,,,
0.04458340257406235,4629,2,,,,,,
0.053428035229444504,4639,2,,,,,,
0.0753646120429039,4649,2,,,,,,
0.05062539875507355,4659,2,,,,,,
0.03555408865213394,4669,2,,,,,,
0.12151332199573517,4679,2,,,,,,
0.0702420249581337,4689,2,,,,,,
0.026824194937944412,4699,2,,,,,,
0.05362918972969055,4709,2,,,,,,
0.06335531920194626,4719,2,,,,,,
0.05972623825073242,4729,2,,,,,,
0.06731806695461273,4739,2,,,,,,
0.029975008219480515,4749,2,,,,,,
0.022539403289556503,4759,2,,,,,,
0.06440389156341553,4769,2,,,,,,
0.04795156419277191,4779,2,,,,,,
0.03820277005434036,4789,2,,,,,,
0.01193604338914156,4799,2,,,,,,
0.05014675110578537,4809,2,,,,,,
0.03235076740384102,4819,2,,,,,,
0.02688688598573208,4829,2,,,,,,
0.08109577000141144,4839,2,,,,,,
0.08292440325021744,4849,2,,,,,,
0.028802478685975075,4859,2,,,,,,
0.048525694757699966,4869,2,,,,,,
0.029365910217165947,4879,2,,,,,,
0.01731482706964016,4889,2,,,,,,
0.050081681460142136,4899,2,,,,,,
0.0559246763586998,4909,2,,,,,,
0.048630453646183014,4919,2,,,,,,
0.05138234421610832,4929,2,,,,,,
0.038696981966495514,4939,2,,,,,,
0.03488181158900261,4949,2,,,,,,
0.048441290855407715,4959,2,,,,,,
0.06412963569164276,4969,2,,,,,,
0.013584055006504059,4979,2,,,,,,
0.06569380313158035,4989,2,,,,,,
0.054250430315732956,4999,2,,,,,,
0.04813201725482941,5009,2,,,,,,
0.03812207654118538,5019,2,,,,,,
0.08290694653987885,5029,2,,,,,,
0.05454588308930397,5039,2,,,,,,
0.06234297528862953,5049,2,,,,,,
0.027336379513144493,5059,2,,,,,,
0.0619504414498806,5069,2,,,,,,
0.06153850257396698,5079,2,,,,,,
0.045074742287397385,5089,2,,,,,,
0.04962616786360741,5099,2,,,,,,
0.022866141051054,5109,2,,,,,,
0.04347021132707596,5119,2,,,,,,
0.04307183995842934,5129,2,,,,,,
0.025371093302965164,5139,2,,,,,,
0.060524534434080124,5149,2,,,,,,
0.04492594674229622,5159,2,,,,,,
0.0471075102686882,5169,2,,,,,,
0.044014301151037216,5179,2,,,,,,
0.02510817162692547,5189,2,,,,,,
0.028801020234823227,5199,2,,,,,,
0.048538897186517715,5209,2,,,,,,
0.05393972992897034,5219,2,,,,,,
0.04889779910445213,5229,2,,,,,,
0.02221401408314705,5239,2,,,,,,
0.049528542906045914,5249,2,,,,,,
0.03160650655627251,5259,2,,,,,,
0.03680266812443733,5269,2,,,,,,
0.050011198967695236,5279,2,,,,,,
0.01637444645166397,5289,2,,,,,,
0.049992650747299194,5299,2,,,,,,
0.0768749788403511,5309,2,,,,,,
0.034327175468206406,5319,2,,,,,,
0.03106733039021492,5329,2,,,,,,
0.07435276359319687,5339,2,,,,,,
0.07538751512765884,5349,2,,,,,,
0.04195990040898323,5359,2,,,,,,
0.03218624368309975,5369,2,,,,,,
0.05464847758412361,5379,2,,,,,,
0.025006063282489777,5389,2,,,,,,
0.017495306208729744,5399,2,,,,,,
0.023698849603533745,5409,2,,,,,,
0.08044731616973877,5419,2,,,,,,
0.03229912370443344,5429,2,,,,,,
0.024086033925414085,5439,2,,,,,,
0.02074194885790348,5449,2,,,,,,
0.03708353266119957,5459,2,,,,,,
0.05345028266310692,5469,2,,,,,,
0.02023540996015072,5479,2,,,,,,
0.0594247467815876,5489,2,,,,,,
0.04614945873618126,5499,2,,,,,,
0.04620691388845444,5509,2,,,,,,
0.05761512368917465,5519,2,,,,,,
0.028650153428316116,5529,2,,,,,,
0.03670065850019455,5539,2,,,,,,
0.03747207298874855,5549,2,,,,,,
0.04424166679382324,5559,2,,,,,,
0.048584017902612686,5569,2,,,,,,
0.04771966114640236,5579,2,,,,,,
0.09612932801246643,5589,2,,,,,,
0.06361715495586395,5599,2,,,,,,
0.04604943469166756,5609,2,,,,,,
0.06551491469144821,5619,2,,,,,,
0.02217673510313034,5629,2,,,,,,
0.06618661433458328,5639,2,,,,,,
0.0473734512925148,5649,2,,,,,,
0.07904747873544693,5659,2,,,,,,
0.013984188437461853,5669,2,,,,,,
0.049779392778873444,5679,2,,,,,,
0.060665737837553024,5689,2,,,,,,
0.03475296124815941,5699,2,,,,,,
0.023566903546452522,5709,2,,,,,,
0.021328864619135857,5719,2,,,,,,
0.037811532616615295,5729,2,,,,,,
0.11425510048866272,5739,2,,,,,,
0.02870413288474083,5749,2,,,,,,
0.039571747183799744,5759,2,,,,,,
0.02889297530055046,5769,2,,,,,,
0.034942906349897385,5779,2,,,,,,
0.023465825244784355,5789,2,,,,,,
0.026612216606736183,5799,2,,,,,,
0.02054520696401596,5809,2,,,,,,
0.07184899598360062,5819,2,,,,,,
0.0342879556119442,5829,2,,,,,,
0.03704755753278732,5839,2,,,,,,
0.037861406803131104,5849,2,,,,,,
0.023733140900731087,5859,2,,,,,,
0.021414758637547493,5869,2,,,,,,
0.07761631160974503,5879,2,,,,,,
0.010093173012137413,5889,2,,,,,,
0.03002404235303402,5899,2,,,,,,
0.04834151268005371,5909,2,,,,,,
0.020002389326691628,5919,2,,,,,,
0.052538421005010605,5929,2,,,,,,
0.027884449809789658,5939,2,,,,,,
0.016295885667204857,5949,2,,,,,,
0.009748760610818863,5959,2,,,,,,
0.028241323307156563,5969,2,,,,,,
0.05397680401802063,5979,2,,,,,,
0.016192499548196793,5989,2,,,,,,
0.025421282276511192,5999,2,,,,,,
0.04811779409646988,6009,2,,,,,,
0.024752099066972733,6019,2,,,,,,
0.012345894239842892,6029,2,,,,,,
0.10221586376428604,6039,2,,,,,,
0.05572347715497017,6049,2,,,,,,
0.02624044567346573,6059,2,,,,,,
0.030807822942733765,6069,2,,,,,,
0.02715524658560753,6079,2,,,,,,
0.05487561225891113,6089,2,,,,,,
0.0659688264131546,6099,2,,,,,,
0.053425729274749756,6109,2,,,,,,
0.02445383183658123,6119,2,,,,,,
0.04977665841579437,6129,2,,,,,,
0.08382616192102432,6139,2,,,,,,
0.09721880406141281,6149,2,,,,,,
0.027196109294891357,6159,2,,,,,,
0.028808988630771637,6169,2,,,,,,
0.06962621212005615,6179,2,,,,,,
0.042525697499513626,6189,2,,,,,,
0.027530888095498085,6199,2,,,,,,
0.02812294103205204,6209,2,,,,,,
0.03615283593535423,6219,2,,,,,,
0.028934668749570847,6229,2,,,,,,
0.018977481871843338,6239,2,,,,,,
0.03399533033370972,6249,2,,,,,,
0.028600795194506645,6259,2,,,,,,
0.08757680654525757,6269,2,,,,,,
0.05604039132595062,6279,2,,,,,,
0.061773303896188736,6289,2,,,,,,
0.04623975604772568,6299,2,,,,,,
0.05995986983180046,6309,2,,,,,,
0.04042604938149452,6319,2,,,,,,
0.020295215770602226,6329,2,,,,,,
0.022131890058517456,6339,2,,,,,,
0.039879851043224335,6349,2,,,,,,
0.04265802726149559,6359,2,,,,,,
0.04759449511766434,6369,2,,,,,,
0.04511066526174545,6379,2,,,,,,
0.045120060443878174,6389,2,,,,,,
0.016633015125989914,6399,2,,,,,,
0.04219641909003258,6409,2,,,,,,
0.08156578242778778,6419,2,,,,,,
0.01075100339949131,6429,2,,,,,,
0.041814085096120834,6439,2,,,,,,
0.021646391600370407,6449,2,,,,,,
0.032724376767873764,6459,2,,,,,,
0.03236380219459534,6469,2,,,,,,
0.030777959153056145,6479,2,,,,,,
0.02512744627892971,6489,2,,,,,,
0.07032862305641174,6499,2,,,,,,
0.0487351231276989,6509,2,,,,,,
0.024377724155783653,6519,2,,,,,,
0.05581240728497505,6529,2,,,,,,
0.03573734313249588,6539,2,,,,,,
0.02434084750711918,6549,2,,,,,,
0.017185071483254433,6559,2,,,,,,
0.038245026022195816,6569,2,,,,,,
0.016530841588974,6579,2,,,,,,
0.015057437121868134,6589,2,,,,,,
0.05005894973874092,6599,2,,,,,,
0.03119351901113987,6609,2,,,,,,
0.011546732857823372,6619,2,,,,,,
0.016560766845941544,6629,2,,,,,,
0.018686268478631973,6639,2,,,,,,
,6647,2,0.4599741995334625,0.844197154045105,0.1753915697336197,0.3799999952316284,0.44124743342399597,
0.01974658854305744,6649,3,,,,,,
0.00997941568493843,6659,3,,,,,,
0.0294816717505455,6669,3,,,,,,
0.02694004587829113,6679,3,,,,,,
0.026551958173513412,6689,3,,,,,,
0.01914694532752037,6699,3,,,,,,
0.0319550596177578,6709,3,,,,,,
0.028331704437732697,6719,3,,,,,,
0.02743280678987503,6729,3,,,,,,
0.02435656078159809,6739,3,,,,,,
0.011819153092801571,6749,3,,,,,,
0.011386255733668804,6759,3,,,,,,
0.010913628153502941,6769,3,,,,,,
0.0047818259336054325,6779,3,,,,,,
0.01899181678891182,6789,3,,,,,,
0.04518207162618637,6799,3,,,,,,
0.03682370483875275,6809,3,,,,,,
0.01478572003543377,6819,3,,,,,,
0.04688817262649536,6829,3,,,,,,
0.028231872245669365,6839,3,,,,,,
0.007383133750408888,6849,3,,,,,,
0.03084489330649376,6859,3,,,,,,
0.018753472715616226,6869,3,,,,,,
0.03398359939455986,6879,3,,,,,,
0.009150885045528412,6889,3,,,,,,
0.024960707873106003,6899,3,,,,,,
0.014206238090991974,6909,3,,,,,,
0.011533696204423904,6919,3,,,,,,
0.020030099898576736,6929,3,,,,,,
0.026568014174699783,6939,3,,,,,,
0.019208639860153198,6949,3,,,,,,
0.014438454993069172,6959,3,,,,,,
0.07173766195774078,6969,3,,,,,,
0.03899523615837097,6979,3,,,,,,
0.014610204845666885,6989,3,,,,,,
0.032439373433589935,6999,3,,,,,,
0.01561666652560234,7009,3,,,,,,
0.02061944454908371,7019,3,,,,,,
0.018824810162186623,7029,3,,,,,,
0.01629655808210373,7039,3,,,,,,
0.011912810616195202,7049,3,,,,,,
0.018802085891366005,7059,3,,,,,,
0.04675861820578575,7069,3,,,,,,
0.007467509247362614,7079,3,,,,,,
0.018302034586668015,7089,3,,,,,,
0.010708357207477093,7099,3,,,,,,
0.012715213932096958,7109,3,,,,,,
0.018825765699148178,7119,3,,,,,,
0.02092927321791649,7129,3,,,,,,
0.04576737806200981,7139,3,,,,,,
0.01615363173186779,7149,3,,,,,,
0.03255735710263252,7159,3,,,,,,
0.012714062817394733,7169,3,,,,,,
0.016286076977849007,7179,3,,,,,,
0.04085494205355644,7189,3,,,,,,
0.030057108029723167,7199,3,,,,,,
0.036752741783857346,7209,3,,,,,,
0.02169804461300373,7219,3,,,,,,
0.017073022201657295,7229,3,,,,,,
0.026415014639496803,7239,3,,,,,,
0.02956254780292511,7249,3,,,,,,
0.01792086847126484,7259,3,,,,,,
0.029103612527251244,7269,3,,,,,,
0.01130797527730465,7279,3,,,,,,
0.008803026750683784,7289,3,,,,,,
0.040515076369047165,7299,3,,,,,,
0.02744441106915474,7309,3,,,,,,
0.06729334592819214,7319,3,,,,,,
0.02010800503194332,7329,3,,,,,,
0.004733150824904442,7339,3,,,,,,
0.1265314221382141,7349,3,,,,,,
0.017113815993070602,7359,3,,,,,,
0.07762680947780609,7369,3,,,,,,
0.019732842221856117,7379,3,,,,,,
0.008878030814230442,7389,3,,,,,,
0.03884776681661606,7399,3,,,,,,
0.03317636996507645,7409,3,,,,,,
0.011141398921608925,7419,3,,,,,,
0.013852099888026714,7429,3,,,,,,
0.0327720046043396,7439,3,,,,,,
0.016383783891797066,7449,3,,,,,,
0.00638702092692256,7459,3,,,,,,
0.02838275209069252,7469,3,,,,,,
0.025072775781154633,7479,3,,,,,,
0.04311281442642212,7489,3,,,,,,
0.05029279738664627,7499,3,,,,,,
0.011326991952955723,7509,3,,,,,,
0.03631555289030075,7519,3,,,,,,
0.03048398531973362,7529,3,,,,,,
0.05009531229734421,7539,3,,,,,,
0.013408045284450054,7549,3,,,,,,
0.01326160691678524,7559,3,,,,,,
0.038152359426021576,7569,3,,,,,,
0.030448319390416145,7579,3,,,,,,
0.005170946940779686,7589,3,,,,,,
0.009996927343308926,7599,3,,,,,,
0.029136713594198227,7609,3,,,,,,
0.046803444623947144,7619,3,,,,,,
0.025711487978696823,7629,3,,,,,,
0.0343392975628376,7639,3,,,,,,
0.009194597601890564,7649,3,,,,,,
0.012527486309409142,7659,3,,,,,,
0.013381710276007652,7669,3,,,,,,
0.00747569277882576,7679,3,,,,,,
0.013132825493812561,7689,3,,,,,,
0.012881550006568432,7699,3,,,,,,
0.042693041265010834,7709,3,,,,,,
0.00827312283217907,7719,3,,,,,,
0.02589906007051468,7729,3,,,,,,
0.02519100345671177,7739,3,,,,,,
0.04024256393313408,7749,3,,,,,,
0.01335954200476408,7759,3,,,,,,
0.010484810918569565,7769,3,,,,,,
0.03131251409649849,7779,3,,,,,,
0.00726171163842082,7789,3,,,,,,
0.027154548093676567,7799,3,,,,,,
0.04712696745991707,7809,3,,,,,,
0.009353709407150745,7819,3,,,,,,
0.017880521714687347,7829,3,,,,,,
0.020813601091504097,7839,3,,,,,,
0.014149211347103119,7849,3,,,,,,
0.015403288416564465,7859,3,,,,,,
0.020174074918031693,7869,3,,,,,,
0.027590399608016014,7879,3,,,,,,
0.023510942235589027,7889,3,,,,,,
0.014176989905536175,7899,3,,,,,,
0.030939992517232895,7909,3,,,,,,
0.017923712730407715,7919,3,,,,,,
0.017497606575489044,7929,3,,,,,,
0.018989475443959236,7939,3,,,,,,
0.0046782540157437325,7949,3,,,,,,
0.002617261605337262,7959,3,,,,,,
0.007041424512863159,7969,3,,,,,,
0.004680544603615999,7979,3,,,,,,
0.011757097207009792,7989,3,,,,,,
0.021583683788776398,7999,3,,,,,,
0.023618249222636223,8009,3,,,,,,
0.007144116330891848,8019,3,,,,,,
0.0076008811593055725,8029,3,,,,,,
0.00877721980214119,8039,3,,,,,,
0.0661504790186882,8049,3,,,,,,
0.01663246750831604,8059,3,,,,,,
0.016105733811855316,8069,3,,,,,,
0.012868906371295452,8079,3,,,,,,
0.006528745871037245,8089,3,,,,,,
0.015460001304745674,8099,3,,,,,,
0.026620270684361458,8109,3,,,,,,
0.02712726965546608,8119,3,,,,,,
0.02455415576696396,8129,3,,,,,,
0.013578544370830059,8139,3,,,,,,
0.03812500834465027,8149,3,,,,,,
0.010091818869113922,8159,3,,,,,,
0.019992129877209663,8169,3,,,,,,
0.03134816884994507,8179,3,,,,,,
0.018658947199583054,8189,3,,,,,,
0.015268828719854355,8199,3,,,,,,
0.01127665862441063,8209,3,,,,,,
0.006977745331823826,8219,3,,,,,,
0.03388416767120361,8229,3,,,,,,
0.008385124616324902,8239,3,,,,,,
0.019945556297898293,8249,3,,,,,,
0.006426994223147631,8259,3,,,,,,
0.01486699003726244,8269,3,,,,,,
0.01400365587323904,8279,3,,,,,,
0.008881830610334873,8289,3,,,,,,
0.017823146656155586,8299,3,,,,,,
0.0050867293030023575,8309,3,,,,,,
0.016938315704464912,8319,3,,,,,,
0.021003447473049164,8329,3,,,,,,
0.01830950193107128,8339,3,,,,,,
0.013623467646539211,8349,3,,,,,,
0.008370793424546719,8359,3,,,,,,
0.008114881813526154,8369,3,,,,,,
0.016810063272714615,8379,3,,,,,,
0.022004174068570137,8389,3,,,,,,
0.014914488419890404,8399,3,,,,,,
0.012242353521287441,8409,3,,,,,,
0.02839392051100731,8419,3,,,,,,
0.01714424416422844,8429,3,,,,,,
0.01872788928449154,8439,3,,,,,,
0.02583448961377144,8449,3,,,,,,
0.010550515726208687,8459,3,,,,,,
0.011919335462152958,8469,3,,,,,,
0.03579040244221687,8479,3,,,,,,
0.049940817058086395,8489,3,,,,,,
0.027799081057310104,8499,3,,,,,,
0.005379217676818371,8509,3,,,,,,
0.016364233568310738,8519,3,,,,,,
0.00801820494234562,8529,3,,,,,,
0.027113350108265877,8539,3,,,,,,
0.010136131197214127,8549,3,,,,,,
0.026519453153014183,8559,3,,,,,,
0.029004890471696854,8569,3,,,,,,
0.008396563120186329,8579,3,,,,,,
0.02427997998893261,8589,3,,,,,,
0.02147773467004299,8599,3,,,,,,
0.021289169788360596,8609,3,,,,,,
0.008861524052917957,8619,3,,,,,,
0.018373822793364525,8629,3,,,,,,
0.028163837268948555,8639,3,,,,,,
0.008711491711437702,8649,3,,,,,,
0.015088492073118687,8659,3,,,,,,
0.02399507164955139,8669,3,,,,,,
0.01522275060415268,8679,3,,,,,,
0.029716720804572105,8689,3,,,,,,
0.01490857731550932,8699,3,,,,,,
0.010846052318811417,8709,3,,,,,,
0.0423252247273922,8719,3,,,,,,
0.03184840828180313,8729,3,,,,,,
0.009350338019430637,8739,3,,,,,,
0.008354892954230309,8749,3,,,,,,
0.01359065156430006,8759,3,,,,,,
0.01276715099811554,8769,3,,,,,,
0.0044766683131456375,8779,3,,,,,,
0.010163494385778904,8789,3,,,,,,
0.03017750009894371,8799,3,,,,,,
0.021883748471736908,8809,3,,,,,,
0.015322161838412285,8819,3,,,,,,
0.020868798717856407,8829,3,,,,,,
0.004691225942224264,8839,3,,,,,,
0.03111550211906433,8849,3,,,,,,
0.03793514147400856,8859,3,,,,,,
,8863,3,0.45845916867256165,0.8415497541427612,0.22744739055633545,0.3742857277393341,0.4324410557746887,
0.00269597047008574,8869,4,,,,,,
0.0020817702170461416,8879,4,,,,,,
0.003213893622159958,8889,4,,,,,,
0.0023374566808342934,8899,4,,,,,,
0.022170929238200188,8909,4,,,,,,
0.025037584826350212,8919,4,,,,,,
0.020456522703170776,8929,4,,,,,,
0.010329893790185452,8939,4,,,,,,
0.010564791038632393,8949,4,,,,,,
0.017605099827051163,8959,4,,,,,,
0.05460621416568756,8969,4,,,,,,
0.012807161547243595,8979,4,,,,,,
0.008382987231016159,8989,4,,,,,,
0.0038595893420279026,8999,4,,,,,,
0.019757259637117386,9009,4,,,,,,
0.007558376993983984,9019,4,,,,,,
0.015245206654071808,9029,4,,,,,,
0.015513889491558075,9039,4,,,,,,
0.014198770746588707,9049,4,,,,,,
0.006263513118028641,9059,4,,,,,,
0.04837173968553543,9069,4,,,,,,
0.02151719480752945,9079,4,,,,,,
0.010215498507022858,9089,4,,,,,,
0.036175500601530075,9099,4,,,,,,
0.007982542738318443,9109,4,,,,,,
0.00617303466424346,9119,4,,,,,,
0.006494936998933554,9129,4,,,,,,
0.008534856140613556,9139,4,,,,,,
0.008105892688035965,9149,4,,,,,,
0.010649638250470161,9159,4,,,,,,
0.026926711201667786,9169,4,,,,,,
0.003948052879422903,9179,4,,,,,,
0.005694020073860884,9189,4,,,,,,
0.004639435093849897,9199,4,,,,,,
0.004435292445123196,9209,4,,,,,,
0.018750546500086784,9219,4,,,,,,
0.01585027202963829,9229,4,,,,,,
0.011273066513240337,9239,4,,,,,,
0.007043716963380575,9249,4,,,,,,
0.008217303082346916,9259,4,,,,,,
0.00505024055019021,9269,4,,,,,,
0.012646128423511982,9279,4,,,,,,
0.014121864922344685,9289,4,,,,,,
0.03623993322253227,9299,4,,,,,,
0.014470330439507961,9309,4,,,,,,
0.005542417988181114,9319,4,,,,,,
0.0061453706584870815,9329,4,,,,,,
0.006013259291648865,9339,4,,,,,,
0.009779056534171104,9349,4,,,,,,
0.009862740524113178,9359,4,,,,,,
0.004562963731586933,9369,4,,,,,,
0.0107606565579772,9379,4,,,,,,
0.01462468784302473,9389,4,,,,,,
0.001407652162015438,9399,4,,,,,,
0.004613989964127541,9409,4,,,,,,
0.014497008174657822,9419,4,,,,,,
0.012589015997946262,9429,4,,,,,,
0.0041886139661073685,9439,4,,,,,,
0.015640519559383392,9449,4,,,,,,
0.010611502453684807,9459,4,,,,,,
0.006050551775842905,9469,4,,,,,,
0.017216263338923454,9479,4,,,,,,
0.0023545820731669664,9489,4,,,,,,
0.002471709158271551,9499,4,,,,,,
0.0018288861028850079,9509,4,,,,,,
0.012651339173316956,9519,4,,,,,,
0.008308855816721916,9529,4,,,,,,
0.005366119556128979,9539,4,,,,,,
0.003501041792333126,9549,4,,,,,,
0.029090644791722298,9559,4,,,,,,
0.018470032140612602,9569,4,,,,,,
0.005804719403386116,9579,4,,,,,,
0.019015595316886902,9589,4,,,,,,
0.019929595291614532,9599,4,,,,,,
0.008365496061742306,9609,4,,,,,,
0.005615567322820425,9619,4,,,,,,
0.005030581261962652,9629,4,,,,,,
0.01025601290166378,9639,4,,,,,,
0.02371843159198761,9649,4,,,,,,
0.020001595839858055,9659,4,,,,,,
0.004138845019042492,9669,4,,,,,,
0.00762791745364666,9679,4,,,,,,
0.02781609818339348,9689,4,,,,,,
0.00924865622073412,9699,4,,,,,,
0.02055772766470909,9709,4,,,,,,
0.01980503462255001,9719,4,,,,,,
0.004027985036373138,9729,4,,,,,,
0.00432708440348506,9739,4,,,,,,
0.0010848698439076543,9749,4,,,,,,
0.0027957609854638577,9759,4,,,,,,
0.008289141580462456,9769,4,,,,,,
0.0016401855973526835,9779,4,,,,,,
0.0019026095978915691,9789,4,,,,,,
0.007424835115671158,9799,4,,,,,,
0.00613717595115304,9809,4,,,,,,
0.016345834359526634,9819,4,,,,,,
0.012037701904773712,9829,4,,,,,,
0.00280292727984488,9839,4,,,,,,
0.0037706748116761446,9849,4,,,,,,
0.004691146779805422,9859,4,,,,,,
0.0013007334200665355,9869,4,,,,,,
0.006051464471966028,9879,4,,,,,,
0.006725645624101162,9889,4,,,,,,
0.004342128988355398,9899,4,,,,,,
0.012899677269160748,9909,4,,,,,,
0.008160938508808613,9919,4,,,,,,
0.002464230405166745,9929,4,,,,,,
0.001258743810467422,9939,4,,,,,,
0.0028393114916980267,9949,4,,,,,,
0.003230605972930789,9959,4,,,,,,
0.010463104583323002,9969,4,,,,,,
0.007241872604936361,9979,4,,,,,,
0.0026137882377952337,9989,4,,,,,,
0.007270875386893749,9999,4,,,,,,
0.014876381494104862,10009,4,,,,,,
0.012249402701854706,10019,4,,,,,,
0.011653821915388107,10029,4,,,,,,
0.06367331743240356,10039,4,,,,,,
0.010768448933959007,10049,4,,,,,,
0.003398966509848833,10059,4,,,,,,
0.005137736443430185,10069,4,,,,,,
0.0017551518976688385,10079,4,,,,,,
0.012232188135385513,10089,4,,,,,,
0.00914518442004919,10099,4,,,,,,
0.0037716147489845753,10109,4,,,,,,
0.02117769420146942,10119,4,,,,,,
0.003975125029683113,10129,4,,,,,,
0.017618078738451004,10139,4,,,,,,
0.015137191861867905,10149,4,,,,,,
0.006229697726666927,10159,4,,,,,,
0.002900045132264495,10169,4,,,,,,
0.0027801976539194584,10179,4,,,,,,
0.0037305611185729504,10189,4,,,,,,
0.012369439005851746,10199,4,,,,,,
0.026882676407694817,10209,4,,,,,,
0.016328822821378708,10219,4,,,,,,
0.007122413720935583,10229,4,,,,,,
0.0029231132939457893,10239,4,,,,,,
0.0037891098763793707,10249,4,,,,,,
0.007041302975267172,10259,4,,,,,,
0.006213146727532148,10269,4,,,,,,
0.005737008526921272,10279,4,,,,,,
0.005939809139817953,10289,4,,,,,,
0.00993169192224741,10299,4,,,,,,
0.009962414391338825,10309,4,,,,,,
0.023806219920516014,10319,4,,,,,,
0.005760414060205221,10329,4,,,,,,
0.007947911508381367,10339,4,,,,,,
0.025295794010162354,10349,4,,,,,,
0.007433868013322353,10359,4,,,,,,
0.02419218234717846,10369,4,,,,,,
0.020191574469208717,10379,4,,,,,,
0.008078868500888348,10389,4,,,,,,
0.004531748127192259,10399,4,,,,,,
0.0011067967861890793,10409,4,,,,,,
0.005107809789478779,10419,4,,,,,,
0.02292480319738388,10429,4,,,,,,
0.012832979671657085,10439,4,,,,,,
0.005191319156438112,10449,4,,,,,,
0.025807291269302368,10459,4,,,,,,
0.0042219823226332664,10469,4,,,,,,
0.007771691307425499,10479,4,,,,,,
0.0007818231242708862,10489,4,,,,,,
0.0033345750998705626,10499,4,,,,,,
0.0003439725551288575,10509,4,,,,,,
0.002781226998195052,10519,4,,,,,,
0.0036097534466534853,10529,4,,,,,,
0.006812767591327429,10539,4,,,,,,
0.0034680129028856754,10549,4,,,,,,
0.006913164630532265,10559,4,,,,,,
0.009760596789419651,10569,4,,,,,,
0.007907584309577942,10579,4,,,,,,
0.01312500610947609,10589,4,,,,,,
0.043156698346138,10599,4,,,,,,
0.003849038388580084,10609,4,,,,,,
0.003883548779413104,10619,4,,,,,,
0.004486707504838705,10629,4,,,,,,
0.005521847866475582,10639,4,,,,,,
0.0074720908887684345,10649,4,,,,,,
0.00936188269406557,10659,4,,,,,,
0.005923421587795019,10669,4,,,,,,
0.01416719425469637,10679,4,,,,,,
0.007138398475944996,10689,4,,,,,,
0.0023563539143651724,10699,4,,,,,,
0.04187922552227974,10709,4,,,,,,
0.00420011579990387,10719,4,,,,,,
0.0039154174737632275,10729,4,,,,,,
0.040644571185112,10739,4,,,,,,
0.007610516622662544,10749,4,,,,,,
0.010056220926344395,10759,4,,,,,,
0.03122309222817421,10769,4,,,,,,
0.03572985529899597,10779,4,,,,,,
0.003505612025037408,10789,4,,,,,,
0.011327003128826618,10799,4,,,,,,
0.002059352118521929,10809,4,,,,,,
0.004201296716928482,10819,4,,,,,,
0.0007819783058948815,10829,4,,,,,,
0.011203057132661343,10839,4,,,,,,
0.0076772961765527725,10849,4,,,,,,
0.038287121802568436,10859,4,,,,,,
0.01143797766417265,10869,4,,,,,,
0.00627187779173255,10879,4,,,,,,
0.01592552475631237,10889,4,,,,,,
0.0022907028906047344,10899,4,,,,,,
0.008875133469700813,10909,4,,,,,,
0.0020304908975958824,10919,4,,,,,,
0.0031258680392056704,10929,4,,,,,,
0.011685586534440517,10939,4,,,,,,
0.00415429612621665,10949,4,,,,,,
0.0008498764364048839,10959,4,,,,,,
0.004198310896754265,10969,4,,,,,,
0.026219572871923447,10979,4,,,,,,
0.005655170418322086,10989,4,,,,,,
0.011630730703473091,10999,4,,,,,,
0.005939127877354622,11009,4,,,,,,
0.004934191238135099,11019,4,,,,,,
0.0021694619208574295,11029,4,,,,,,
0.010790588334202766,11039,4,,,,,,
0.001526604755781591,11049,4,,,,,,
0.005975608713924885,11059,4,,,,,,
0.007790298201143742,11069,4,,,,,,
0.000660609221085906,11079,4,,,,,,
,11079,4,0.47092166543006897,0.8426663279533386,0.26612499356269836,0.3799999952316284,0.4428364634513855,
,11080,5,,,,,,0.26612499356269836
